num_df_topics,coherence_values
1,0.41270336377260486
2,0.4197734555155235
3,0.3869915415584278
4,0.4331928598337207
5,0.41992759681692304
6,0.406090937950948
7,0.44184035613370526
8,0.39182061309652605
9,0.3817656292309196
10,0.40339662881628324
